{"stats":{"minecraft:dropped":{"minecraft:wheat_seeds":1},"minecraft:crafted":{"minecraft:oak_planks":48,"minecraft:crafting_table":1,"minecraft:stick":8,"minecraft:stone_pickaxe":1,"minecraft:furnace":1,"minecraft:stone_axe":1,"minecraft:air":0,"minecraft:cooked_mutton":6},"minecraft:custom":{"minecraft:time_since_rest":11670,"minecraft:interact_with_furnace":5,"minecraft:sprint_one_cm":33788,"minecraft:damage_taken":20,"minecraft:walk_one_cm":39205,"minecraft:mob_kills":17,"minecraft:drop":1,"minecraft:damage_dealt":1320,"minecraft:swim_one_cm":1231,"minecraft:interact_with_crafting_table":5,"minecraft:fly_one_cm":42864,"minecraft:crouch_one_cm":62,"minecraft:play_time":11670,"minecraft:sneak_time":43,"minecraft:walk_under_water_one_cm":592,"minecraft:jump":231,"minecraft:walk_on_water_one_cm":1549,"minecraft:time_since_death":11670,"minecraft:total_world_time":11670,"minecraft:fall_one_cm":4842},"minecraft:picked_up":{"minecraft:feather":1,"minecraft:chicken":2,"minecraft:brown_wool":1,"minecraft:porkchop":3,"minecraft:oak_log":45,"minecraft:wheat_seeds":1,"minecraft:sugar_cane":6,"minecraft:black_wool":3,"minecraft:mutton":19,"minecraft:white_wool":9,"minecraft:cobblestone":19},"minecraft:killed":{"minecraft:sheep":13,"minecraft:pig":2,"minecraft:chicken":2},"minecraft:used":{"minecraft:cooked_mutton":3,"minecraft:stone_pickaxe":17,"minecraft:stone_axe":59,"minecraft:crafting_table":1,"minecraft:furnace":1},"minecraft:mined":{"minecraft:short_grass":1,"minecraft:oak_log":46,"minecraft:stone":17,"minecraft:sugar_cane":5,"minecraft:oak_leaves":3}},"DataVersion":3955}