{"stats":{"minecraft:dropped":{"minecraft:stone_axe":2,"minecraft:sugar_cane":6,"minecraft:wheat_seeds":1,"minecraft:feather":1,"minecraft:light_gray_wool":1,"minecraft:cooked_mutton":15,"minecraft:gray_wool":1,"minecraft:andesite":1,"minecraft:brown_wool":1,"minecraft:stone_pickaxe":1,"minecraft:black_wool":3,"minecraft:bone":3},"minecraft:crafted":{"minecraft:oak_planks":56,"minecraft:cooked_porkchop":3,"minecraft:crafting_table":1,"minecraft:cooked_chicken":2,"minecraft:furnace":2,"minecraft:stone_axe":1,"minecraft:cooked_mutton":22,"minecraft:air":0,"minecraft:shield":1,"minecraft:iron_axe":1,"minecraft:stick":16,"minecraft:iron_ingot":14,"minecraft:iron_pickaxe":1,"minecraft:stone_pickaxe":1,"minecraft:white_bed":1,"minecraft:torch":16},"minecraft:custom":{"minecraft:interact_with_furnace":30,"minecraft:mob_kills":23,"minecraft:interact_with_crafting_table":10,"minecraft:time_since_death":23670,"minecraft:sleep_in_bed":1,"minecraft:time_since_rest":11739,"minecraft:sprint_one_cm":59564,"minecraft:damage_taken":30,"minecraft:walk_one_cm":59244,"minecraft:damage_blocked_by_shield":60,"minecraft:drop":16,"minecraft:damage_dealt":1699,"minecraft:swim_one_cm":4567,"minecraft:fly_one_cm":90139,"minecraft:crouch_one_cm":2056,"minecraft:play_time":23670,"minecraft:sneak_time":902,"minecraft:walk_under_water_one_cm":846,"minecraft:jump":449,"minecraft:walk_on_water_one_cm":1969,"minecraft:total_world_time":23670,"minecraft:fall_one_cm":12312},"minecraft:picked_up":{"minecraft:crafting_table":1,"minecraft:feather":1,"minecraft:chicken":2,"minecraft:andesite":1,"minecraft:brown_wool":1,"minecraft:oak_log":49,"minecraft:cooked_mutton":5,"minecraft:bone":3,"minecraft:wheat_seeds":1,"minecraft:light_gray_wool":1,"minecraft:sugar_cane":6,"minecraft:oak_planks":31,"minecraft:furnace":2,"minecraft:raw_iron":24,"minecraft:porkchop":3,"minecraft:white_bed":1,"minecraft:arrow":1,"minecraft:stone_axe":1,"minecraft:gray_wool":2,"minecraft:mutton":30,"minecraft:black_wool":3,"minecraft:coal":39,"minecraft:white_wool":11,"minecraft:cobblestone":40},"minecraft:killed":{"minecraft:pig":2,"minecraft:sheep":17,"minecraft:skeleton":2,"minecraft:chicken":2},"minecraft:used":{"minecraft:cooked_mutton":3,"minecraft:stone_pickaxe":62,"minecraft:shield":1,"minecraft:torch":14,"minecraft:crafting_table":2,"minecraft:white_bed":1,"minecraft:iron_pickaxe":38,"minecraft:stone_axe":71,"minecraft:cobblestone":6,"minecraft:furnace":4,"minecraft:gray_wool":1},"minecraft:mined":{"minecraft:white_bed":1,"minecraft:crafting_table":1,"minecraft:short_grass":1,"minecraft:sugar_cane":5,"minecraft:wall_torch":1,"minecraft:gray_wool":1,"minecraft:furnace":2,"minecraft:iron_ore":26,"minecraft:andesite":1,"minecraft:oak_log":50,"minecraft:coal_ore":32,"minecraft:stone":38,"minecraft:oak_leaves":8}},"DataVersion":3955}