{"stats":{"minecraft:dropped":{"minecraft:iron_ingot":5,"minecraft:stone_axe":2,"minecraft:porkchop":20,"minecraft:raw_copper":4,"minecraft:feather":6,"minecraft:rotten_flesh":1,"minecraft:chicken":4,"minecraft:cobblestone":7,"minecraft:coal":26,"minecraft:stick":2,"minecraft:dirt":9,"minecraft:shield":2,"minecraft:yellow_bed":1,"minecraft:leather_boots":1,"minecraft:stone_pickaxe":1,"minecraft:iron_pickaxe":1,"minecraft:bone":2},"minecraft:custom":{"minecraft:interact_with_furnace":28,"minecraft:mob_kills":31,"minecraft:interact_with_crafting_table":16,"minecraft:bell_ring":4,"minecraft:time_since_death":41129,"minecraft:sleep_in_bed":1,"minecraft:time_since_rest":29149,"minecraft:sprint_one_cm":106016,"minecraft:damage_taken":751,"minecraft:walk_one_cm":94375,"minecraft:damage_blocked_by_shield":3552,"minecraft:drop":24,"minecraft:damage_dealt":5594,"minecraft:swim_one_cm":4147,"minecraft:fly_one_cm":146440,"minecraft:open_chest":6,"minecraft:crouch_one_cm":3933,"minecraft:play_time":41129,"minecraft:sneak_time":1795,"minecraft:walk_under_water_one_cm":1598,"minecraft:jump":772,"minecraft:walk_on_water_one_cm":7445,"minecraft:total_world_time":41129,"minecraft:interact_with_smoker":11,"minecraft:fall_one_cm":19966},"minecraft:killed":{"minecraft:pig":11,"minecraft:zombie_villager":1,"minecraft:iron_golem":2,"minecraft:creeper":1,"minecraft:skeleton":7,"minecraft:zombie":3,"minecraft:chicken":5},"minecraft:picked_up":{"minecraft:crafting_table":2,"minecraft:feather":6,"minecraft:cooked_beef":3,"minecraft:chicken":5,"minecraft:smithing_table":1,"minecraft:potato":1,"minecraft:oak_log":25,"minecraft:shield":1,"minecraft:yellow_bed":3,"minecraft:gunpowder":2,"minecraft:dirt":9,"minecraft:raw_copper":4,"minecraft:leather_boots":1,"minecraft:bone":2,"minecraft:cobbled_deepslate":23,"minecraft:raw_gold":23,"minecraft:bell":2,"minecraft:iron_ingot":14,"minecraft:stone_pickaxe":1,"minecraft:poppy":3,"minecraft:sugar_cane":21,"minecraft:stick":2,"minecraft:raw_iron":46,"minecraft:cooked_porkchop":13,"minecraft:porkchop":23,"minecraft:redstone":33,"minecraft:arrow":7,"minecraft:rotten_flesh":2,"minecraft:diamond":8,"minecraft:stone_axe":1,"minecraft:coal":97,"minecraft:cobblestone":147},"minecraft:broken":{"minecraft:shield":1},"minecraft:used":{"minecraft:water_bucket":8,"minecraft:stone_pickaxe":53,"minecraft:shield":36,"minecraft:iron_sword":40,"minecraft:torch":64,"minecraft:crafting_table":3,"minecraft:iron_axe":6,"minecraft:chicken":1,"minecraft:iron_pickaxe":226,"minecraft:stone_axe":82,"minecraft:cobblestone":32,"minecraft:furnace":1,"minecraft:goat_horn":8,"minecraft:cooked_porkchop":7,"minecraft:bucket":9,"minecraft:yellow_bed":1,"minecraft:cooked_beef":3},"minecraft:crafted":{"minecraft:cooked_beef":3,"minecraft:oak_planks":100,"minecraft:cooked_porkchop":7,"minecraft:crafting_table":2,"minecraft:iron_helmet":1,"minecraft:cooked_chicken":7,"minecraft:iron_sword":1,"minecraft:furnace":1,"minecraft:bucket":1,"minecraft:stone_axe":1,"minecraft:air":0,"minecraft:iron_boots":1,"minecraft:iron_chestplate":1,"minecraft:shield":3,"minecraft:iron_axe":2,"minecraft:stick":36,"minecraft:iron_ingot":39,"minecraft:iron_pickaxe":3,"minecraft:stone_pickaxe":1,"minecraft:iron_leggings":1,"minecraft:dark_oak_planks":12,"minecraft:torch":80},"minecraft:mined":{"minecraft:smithing_table":1,"minecraft:deepslate_redstone_ore":8,"minecraft:deepslate_diamond_ore":8,"minecraft:crafting_table":2,"minecraft:short_grass":3,"minecraft:grass_block":1,"minecraft:cobblestone":8,"minecraft:tall_grass":1,"minecraft:deepslate_gold_ore":23,"minecraft:sugar_cane":11,"minecraft:iron_ore":36,"minecraft:yellow_bed":3,"minecraft:bell":2,"minecraft:oak_log":25,"minecraft:coal_ore":46,"minecraft:deepslate_iron_ore":10,"minecraft:dirt":2,"minecraft:stone":120,"minecraft:oak_leaves":3,"minecraft:deepslate":13}},"DataVersion":4080}