{"stats":{"minecraft:dropped":{"minecraft:iron_ingot":5,"minecraft:stone_axe":2,"minecraft:porkchop":20,"minecraft:raw_copper":4,"minecraft:mossy_cobblestone":1,"minecraft:obsidian":1,"minecraft:rotten_flesh":1,"minecraft:chicken":4,"minecraft:feather":6,"minecraft:cobblestone":7,"minecraft:book":1,"minecraft:coal":26,"minecraft:stick":2,"minecraft:dirt":9,"minecraft:shield":2,"minecraft:diamond_chestplate":1,"minecraft:yellow_bed":1,"minecraft:leather_boots":1,"minecraft:stone_pickaxe":1,"minecraft:iron_pickaxe":1,"minecraft:white_wool":3,"minecraft:bone":2},"minecraft:custom":{"minecraft:interact_with_furnace":32,"minecraft:mob_kills":59,"minecraft:interact_with_crafting_table":23,"minecraft:bell_ring":4,"minecraft:leave_game":2,"minecraft:time_since_death":72790,"minecraft:sleep_in_bed":1,"minecraft:time_since_rest":60810,"minecraft:sprint_one_cm":117655,"minecraft:damage_taken":840,"minecraft:walk_one_cm":151932,"minecraft:damage_blocked_by_shield":3552,"minecraft:drop":29,"minecraft:damage_dealt":7888,"minecraft:swim_one_cm":4147,"minecraft:fly_one_cm":153840,"minecraft:open_chest":20,"minecraft:crouch_one_cm":4054,"minecraft:play_time":72790,"minecraft:sneak_time":2067,"minecraft:walk_under_water_one_cm":1598,"minecraft:jump":983,"minecraft:walk_on_water_one_cm":8820,"minecraft:total_world_time":72790,"minecraft:interact_with_smoker":11,"minecraft:fall_one_cm":21043},"minecraft:killed":{"minecraft:pig":11,"minecraft:zombie_villager":1,"minecraft:iron_golem":2,"minecraft:creeper":1,"minecraft:skeleton":35,"minecraft:zombie":3,"minecraft:chicken":5},"minecraft:picked_up":{"minecraft:enchanting_table":1,"minecraft:crafting_table":2,"minecraft:feather":6,"minecraft:cooked_beef":3,"minecraft:chicken":5,"minecraft:smithing_table":1,"minecraft:potato":1,"minecraft:tuff":79,"minecraft:oak_log":25,"minecraft:yellow_bed":3,"minecraft:shield":1,"minecraft:gunpowder":2,"minecraft:dirt":9,"minecraft:raw_copper":4,"minecraft:leather_boots":1,"minecraft:bone":21,"minecraft:bow":2,"minecraft:cobbled_deepslate":281,"minecraft:raw_gold":30,"minecraft:bell":2,"minecraft:iron_ingot":14,"minecraft:stone_pickaxe":1,"minecraft:poppy":3,"minecraft:sugar_cane":21,"minecraft:book":6,"minecraft:stick":2,"minecraft:raw_iron":46,"minecraft:cooked_porkchop":13,"minecraft:torch":4,"minecraft:porkchop":23,"minecraft:redstone":90,"minecraft:mossy_cobblestone":1,"minecraft:arrow":32,"minecraft:rotten_flesh":2,"minecraft:diamond":23,"minecraft:stone_axe":1,"minecraft:coal":97,"minecraft:cobblestone":167},"minecraft:broken":{"minecraft:shield":1,"minecraft:iron_pickaxe":1},"minecraft:used":{"minecraft:water_bucket":8,"minecraft:enchanting_table":2,"minecraft:stone_pickaxe":53,"minecraft:shield":36,"minecraft:iron_sword":92,"minecraft:torch":82,"minecraft:crafting_table":4,"minecraft:diamond_pickaxe":252,"minecraft:bookshelf":4,"minecraft:chicken":1,"minecraft:iron_axe":8,"minecraft:iron_pickaxe":419,"minecraft:stone_axe":82,"minecraft:cobblestone":38,"minecraft:goat_horn":11,"minecraft:furnace":1,"minecraft:cooked_porkchop":9,"minecraft:bucket":9,"minecraft:yellow_bed":1,"minecraft:cooked_beef":3,"minecraft:cobbled_deepslate":5},"minecraft:crafted":{"minecraft:cooked_beef":3,"minecraft:oak_planks":100,"minecraft:cooked_porkchop":7,"minecraft:crafting_table":2,"minecraft:iron_helmet":1,"minecraft:cooked_chicken":7,"minecraft:iron_sword":1,"minecraft:furnace":1,"minecraft:bucket":1,"minecraft:bookshelf":4,"minecraft:stone_axe":1,"minecraft:air":0,"minecraft:iron_chestplate":1,"minecraft:book":7,"minecraft:iron_boots":1,"minecraft:paper":21,"minecraft:diamond_pickaxe":1,"minecraft:shield":3,"minecraft:iron_axe":2,"minecraft:stick":40,"minecraft:iron_ingot":39,"minecraft:stone_pickaxe":1,"minecraft:iron_pickaxe":3,"minecraft:iron_leggings":1,"minecraft:dark_oak_planks":12,"minecraft:torch":80,"minecraft:diamond_chestplate":2},"minecraft:mined":{"minecraft:smithing_table":1,"minecraft:deepslate_redstone_ore":22,"minecraft:tuff":91,"minecraft:mossy_cobblestone":2,"minecraft:deepslate_diamond_ore":23,"minecraft:short_grass":3,"minecraft:glow_lichen":1,"minecraft:crafting_table":2,"minecraft:torch":1,"minecraft:grass_block":1,"minecraft:tall_grass":1,"minecraft:cobblestone":11,"minecraft:deepslate_gold_ore":30,"minecraft:sugar_cane":11,"minecraft:wall_torch":1,"minecraft:iron_ore":36,"minecraft:enchanting_table":2,"minecraft:yellow_bed":3,"minecraft:bell":2,"minecraft:bookshelf":2,"minecraft:oak_log":25,"minecraft:coal_ore":46,"minecraft:deepslate_iron_ore":10,"minecraft:gravel":1,"minecraft:dirt":2,"minecraft:stone":136,"minecraft:oak_leaves":3,"minecraft:deepslate":307}},"DataVersion":4080}