{"stats":{"minecraft:dropped":{"minecraft:iron_ingot":5,"minecraft:stone_axe":2,"minecraft:porkchop":20,"minecraft:raw_copper":4,"minecraft:feather":6,"minecraft:rotten_flesh":1,"minecraft:chicken":4,"minecraft:cobblestone":7,"minecraft:coal":26,"minecraft:stick":2,"minecraft:dirt":9,"minecraft:shield":2,"minecraft:yellow_bed":1,"minecraft:leather_boots":1,"minecraft:stone_pickaxe":1,"minecraft:iron_pickaxe":1,"minecraft:bone":2},"minecraft:custom":{"minecraft:interact_with_furnace":27,"minecraft:mob_kills":20,"minecraft:interact_with_crafting_table":14,"minecraft:bell_ring":4,"minecraft:time_since_death":29129,"minecraft:sleep_in_bed":1,"minecraft:time_since_rest":17149,"minecraft:sprint_one_cm":75248,"minecraft:damage_taken":310,"minecraft:walk_one_cm":55357,"minecraft:drop":24,"minecraft:damage_dealt":3802,"minecraft:swim_one_cm":4147,"minecraft:fly_one_cm":112861,"minecraft:open_chest":6,"minecraft:crouch_one_cm":3443,"minecraft:play_time":29129,"minecraft:sneak_time":1563,"minecraft:walk_under_water_one_cm":1598,"minecraft:jump":516,"minecraft:walk_on_water_one_cm":6524,"minecraft:total_world_time":29129,"minecraft:interact_with_smoker":8,"minecraft:fall_one_cm":11819},"minecraft:killed":{"minecraft:pig":11,"minecraft:zombie_villager":1,"minecraft:iron_golem":2,"minecraft:skeleton":1,"minecraft:chicken":5},"minecraft:picked_up":{"minecraft:feather":6,"minecraft:cooked_beef":3,"minecraft:chicken":5,"minecraft:smithing_table":1,"minecraft:potato":1,"minecraft:oak_log":25,"minecraft:shield":1,"minecraft:yellow_bed":3,"minecraft:dirt":9,"minecraft:raw_copper":4,"minecraft:leather_boots":1,"minecraft:bone":2,"minecraft:bell":2,"minecraft:iron_ingot":14,"minecraft:stone_pickaxe":1,"minecraft:poppy":3,"minecraft:sugar_cane":21,"minecraft:stick":2,"minecraft:raw_iron":30,"minecraft:cooked_porkchop":13,"minecraft:porkchop":23,"minecraft:arrow":1,"minecraft:rotten_flesh":1,"minecraft:stone_axe":1,"minecraft:coal":90,"minecraft:cobblestone":146},"minecraft:used":{"minecraft:stone_pickaxe":53,"minecraft:iron_sword":8,"minecraft:torch":22,"minecraft:crafting_table":1,"minecraft:chicken":1,"minecraft:iron_pickaxe":149,"minecraft:stone_axe":82,"minecraft:cobblestone":31,"minecraft:furnace":1,"minecraft:goat_horn":8,"minecraft:cooked_porkchop":3,"minecraft:yellow_bed":1,"minecraft:cooked_beef":3},"minecraft:crafted":{"minecraft:oak_planks":100,"minecraft:cooked_porkchop":7,"minecraft:crafting_table":1,"minecraft:iron_helmet":1,"minecraft:cooked_chicken":7,"minecraft:iron_sword":1,"minecraft:furnace":1,"minecraft:stone_axe":1,"minecraft:air":0,"minecraft:iron_boots":1,"minecraft:iron_chestplate":1,"minecraft:shield":2,"minecraft:iron_axe":2,"minecraft:stick":36,"minecraft:iron_ingot":39,"minecraft:iron_pickaxe":3,"minecraft:stone_pickaxe":1,"minecraft:iron_leggings":1,"minecraft:dark_oak_planks":12,"minecraft:torch":80},"minecraft:mined":{"minecraft:smithing_table":1,"minecraft:short_grass":3,"minecraft:grass_block":1,"minecraft:cobblestone":8,"minecraft:tall_grass":1,"minecraft:sugar_cane":11,"minecraft:iron_ore":29,"minecraft:yellow_bed":3,"minecraft:bell":2,"minecraft:oak_log":25,"minecraft:coal_ore":39,"minecraft:deepslate_iron_ore":1,"minecraft:dirt":2,"minecraft:stone":118,"minecraft:oak_leaves":3}},"DataVersion":4080}