{"stats":{"minecraft:custom":{"minecraft:crouch_one_cm":25,"minecraft:time_since_rest":5129,"minecraft:play_time":5129,"minecraft:sprint_one_cm":7399,"minecraft:damage_taken":30,"minecraft:walk_one_cm":13607,"minecraft:sneak_time":8,"minecraft:walk_under_water_one_cm":112,"minecraft:mob_kills":10,"minecraft:jump":94,"minecraft:damage_dealt":720,"minecraft:walk_on_water_one_cm":810,"minecraft:time_since_death":5129,"minecraft:total_world_time":5129,"minecraft:swim_one_cm":1519,"minecraft:fall_one_cm":3810,"minecraft:interact_with_crafting_table":2,"minecraft:fly_one_cm":16839},"minecraft:killed":{"minecraft:pig":5,"minecraft:chicken":5},"minecraft:picked_up":{"minecraft:feather":6,"minecraft:stick":2,"minecraft:chicken":5,"minecraft:porkchop":9,"minecraft:oak_log":4,"minecraft:sugar_cane":2,"minecraft:cobblestone":32,"minecraft:coal":52,"minecraft:dirt":9},"minecraft:used":{"minecraft:stone_axe":18,"minecraft:cobblestone":6,"minecraft:stone_pickaxe":49},"minecraft:crafted":{"minecraft:oak_planks":16,"minecraft:stone_axe":1,"minecraft:stick":4,"minecraft:stone_pickaxe":1},"minecraft:mined":{"minecraft:short_grass":2,"minecraft:grass_block":1,"minecraft:oak_log":4,"minecraft:coal_ore":27,"minecraft:dirt":2,"minecraft:stone":22,"minecraft:sugar_cane":1,"minecraft:oak_leaves":2}},"DataVersion":4080}