{"stats":{"minecraft:killed":{"minecraft:sheep":2,"minecraft:pig":2,"minecraft:chicken":1,"minecraft:cow":12},"minecraft:mined":{"minecraft:iron_ore":3,"minecraft:crafting_table":1,"minecraft:short_grass":6,"minecraft:oak_log":14,"minecraft:stone":54,"minecraft:sugar_cane":1,"minecraft:oak_leaves":1},"minecraft:used":{"minecraft:cooked_mutton":2,"minecraft:wooden_axe":19,"minecraft:stone_pickaxe":10,"minecraft:iron_pickaxe":27,"minecraft:wooden_pickaxe":20,"minecraft:stone_axe":17,"minecraft:cobblestone":10},"minecraft:picked_up":{"minecraft:raw_iron":3,"minecraft:crafting_table":1,"minecraft:feather":2,"minecraft:chicken":5,"minecraft:leather":12,"minecraft:wooden_pickaxe":1,"minecraft:porkchop":7,"minecraft:oak_log":13,"minecraft:shield":1,"minecraft:beef":24,"minecraft:sugar_cane":1,"minecraft:mutton":11,"minecraft:white_wool":1,"minecraft:cobblestone":52},"minecraft:custom":{"minecraft:time_since_rest":14809,"minecraft:interact_with_furnace":28,"minecraft:sprint_one_cm":32249,"minecraft:damage_taken":90,"minecraft:walk_one_cm":33282,"minecraft:mob_kills":17,"minecraft:drop":6,"minecraft:damage_dealt":1524,"minecraft:swim_one_cm":671,"minecraft:interact_with_crafting_table":7,"minecraft:fly_one_cm":45815,"minecraft:crouch_one_cm":786,"minecraft:play_time":14809,"minecraft:sneak_time":312,"minecraft:walk_under_water_one_cm":39,"minecraft:jump":266,"minecraft:leave_game":1,"minecraft:time_since_death":14809,"minecraft:walk_on_water_one_cm":162,"minecraft:total_world_time":14809,"minecraft:fall_one_cm":8400},"minecraft:crafted":{"minecraft:cooked_beef":23,"minecraft:oak_planks":16,"minecraft:stick":12,"minecraft:iron_ingot":3,"minecraft:wooden_pickaxe":1,"minecraft:iron_pickaxe":1,"minecraft:stone_pickaxe":1,"minecraft:wooden_axe":1,"minecraft:stone_axe":1,"minecraft:air":0,"minecraft:cooked_mutton":2},"minecraft:dropped":{"minecraft:porkchop":1,"minecraft:cooked_beef":10,"minecraft:wooden_axe":1,"minecraft:stone_pickaxe":1,"minecraft:wooden_pickaxe":2}},"DataVersion":4080}