{"stats":{"minecraft:dropped":{"minecraft:shield":2,"minecraft:porkchop":20,"minecraft:yellow_bed":1,"minecraft:chicken":4,"minecraft:cobblestone":7,"minecraft:stone_pickaxe":1,"minecraft:iron_pickaxe":1,"minecraft:coal":26},"minecraft:custom":{"minecraft:time_since_rest":5149,"minecraft:sprint_one_cm":58242,"minecraft:damage_taken":161,"minecraft:walk_one_cm":31043,"minecraft:mob_kills":18,"minecraft:drop":10,"minecraft:damage_dealt":3412,"minecraft:swim_one_cm":4147,"minecraft:interact_with_crafting_table":6,"minecraft:fly_one_cm":100870,"minecraft:open_chest":6,"minecraft:crouch_one_cm":1693,"minecraft:play_time":17129,"minecraft:bell_ring":4,"minecraft:sneak_time":924,"minecraft:walk_under_water_one_cm":1125,"minecraft:jump":382,"minecraft:sleep_in_bed":1,"minecraft:time_since_death":17129,"minecraft:walk_on_water_one_cm":4201,"minecraft:interact_with_smoker":3,"minecraft:total_world_time":17129,"minecraft:fall_one_cm":9636},"minecraft:killed":{"minecraft:pig":11,"minecraft:chicken":5,"minecraft:iron_golem":2},"minecraft:picked_up":{"minecraft:stick":2,"minecraft:cooked_beef":3,"minecraft:feather":6,"minecraft:chicken":5,"minecraft:smithing_table":1,"minecraft:potato":1,"minecraft:porkchop":23,"minecraft:oak_log":25,"minecraft:yellow_bed":3,"minecraft:shield":1,"minecraft:dirt":9,"minecraft:bell":2,"minecraft:stone_pickaxe":1,"minecraft:iron_ingot":9,"minecraft:poppy":3,"minecraft:sugar_cane":21,"minecraft:coal":78,"minecraft:cobblestone":46},"minecraft:used":{"minecraft:chicken":1,"minecraft:stone_pickaxe":53,"minecraft:iron_pickaxe":11,"minecraft:stone_axe":82,"minecraft:cobblestone":27,"minecraft:crafting_table":1,"minecraft:goat_horn":2,"minecraft:cooked_porkchop":1,"minecraft:yellow_bed":1,"minecraft:cooked_beef":2},"minecraft:crafted":{"minecraft:oak_planks":76,"minecraft:cooked_porkchop":4,"minecraft:shield":2,"minecraft:crafting_table":1,"minecraft:stick":8,"minecraft:iron_ingot":1,"minecraft:iron_pickaxe":2,"minecraft:stone_pickaxe":1,"minecraft:iron_sword":1,"minecraft:dark_oak_planks":12,"minecraft:stone_axe":1,"minecraft:air":0},"minecraft:mined":{"minecraft:smithing_table":1,"minecraft:yellow_bed":3,"minecraft:bell":2,"minecraft:short_grass":3,"minecraft:coal_ore":27,"minecraft:grass_block":1,"minecraft:oak_log":25,"minecraft:dirt":2,"minecraft:tall_grass":1,"minecraft:cobblestone":8,"minecraft:stone":22,"minecraft:sugar_cane":11,"minecraft:oak_leaves":3}},"DataVersion":4080}