{"stats":{"minecraft:killed":{"minecraft:sheep":1,"minecraft:cow":12},"minecraft:used":{"minecraft:stone_axe":2,"minecraft:wooden_axe":19,"minecraft:wooden_pickaxe":20},"minecraft:mined":{"minecraft:short_grass":6,"minecraft:oak_log":5,"minecraft:stone":20,"minecraft:sugar_cane":1,"minecraft:crafting_table":1},"minecraft:picked_up":{"minecraft:crafting_table":1,"minecraft:leather":12,"minecraft:wooden_pickaxe":1,"minecraft:beef":24,"minecraft:oak_log":4,"minecraft:sugar_cane":1,"minecraft:mutton":2,"minecraft:white_wool":1,"minecraft:cobblestone":19},"minecraft:crafted":{"minecraft:oak_planks":16,"minecraft:stone_axe":1,"minecraft:stick":8,"minecraft:stone_pickaxe":1,"minecraft:wooden_pickaxe":1,"minecraft:wooden_axe":1},"minecraft:custom":{"minecraft:time_since_rest":5728,"minecraft:crouch_one_cm":141,"minecraft:play_time":5728,"minecraft:sprint_one_cm":27614,"minecraft:walk_one_cm":13084,"minecraft:sneak_time":19,"minecraft:walk_under_water_one_cm":39,"minecraft:mob_kills":13,"minecraft:drop":2,"minecraft:jump":172,"minecraft:damage_dealt":1280,"minecraft:walk_on_water_one_cm":162,"minecraft:time_since_death":5728,"minecraft:total_world_time":5728,"minecraft:swim_one_cm":671,"minecraft:interact_with_crafting_table":3,"minecraft:fall_one_cm":5968,"minecraft:fly_one_cm":45145},"minecraft:dropped":{"minecraft:wooden_pickaxe":1,"minecraft:wooden_axe":1}},"DataVersion":4080}