{"stats":{"minecraft:dropped":{"minecraft:iron_ingot":5,"minecraft:cooked_beef":3,"minecraft:mossy_cobblestone":16,"minecraft:cooked_porkchop":13,"minecraft:cobblestone":4,"minecraft:dirt":12,"minecraft:gravel":1,"minecraft:stone_axe":1,"minecraft:raw_copper":4,"minecraft:tuff":29,"minecraft:rotten_flesh":6,"minecraft:potato":1,"minecraft:andesite":1,"minecraft:leather_boots":1,"minecraft:oak_sapling":2,"minecraft:wooden_pickaxe":1,"minecraft:stone_pickaxe":1},"minecraft:custom":{"minecraft:mob_kills":88,"minecraft:interact_with_crafting_table":39,"minecraft:leave_game":2,"minecraft:time_since_death":89798,"minecraft:climb_one_cm":753,"minecraft:sprint_one_cm":190284,"minecraft:walk_one_cm":202201,"minecraft:damage_blocked_by_shield":240,"minecraft:drop":19,"minecraft:play_time":89798,"minecraft:sneak_time":4105,"minecraft:walk_under_water_one_cm":2983,"minecraft:jump":1814,"minecraft:walk_on_water_one_cm":13060,"minecraft:enchant_item":2,"minecraft:total_world_time":89798,"minecraft:interact_with_furnace":43,"minecraft:interact_with_grindstone":3,"minecraft:sleep_in_bed":1,"minecraft:time_since_rest":76947,"minecraft:damage_taken":890,"minecraft:damage_dealt":9025,"minecraft:swim_one_cm":7676,"minecraft:fly_one_cm":221453,"minecraft:open_chest":55,"minecraft:crouch_one_cm":10807,"minecraft:interact_with_smoker":28,"minecraft:fall_one_cm":43592},"minecraft:killed":{"minecraft:spider":1,"minecraft:skeleton":42,"minecraft:chicken":3,"minecraft:pig":14,"minecraft:creeper":5,"minecraft:sheep":5,"minecraft:zombie":8,"minecraft:cow":7},"minecraft:picked_up":{"minecraft:crafting_table":3,"minecraft:wheat":7,"minecraft:chicken":14,"minecraft:brewing_stand":1,"minecraft:shield":1,"minecraft:amethyst_block":2,"minecraft:string":1,"minecraft:raw_copper":4,"minecraft:cobbled_deepslate":186,"minecraft:beef":19,"minecraft:calcite":3,"minecraft:iron_nugget":4,"minecraft:poppy":3,"minecraft:iron_pickaxe":1,"minecraft:light_gray_wool":2,"minecraft:chest":1,"minecraft:furnace":2,"minecraft:stick":6,"minecraft:raw_iron":54,"minecraft:torch":8,"minecraft:porkchop":53,"minecraft:redstone":19,"minecraft:diamond_chestplate":1,"minecraft:arrow":44,"minecraft:rotten_flesh":15,"minecraft:saddle":1,"minecraft:mutton":10,"minecraft:obsidian":5,"minecraft:white_wool":6,"minecraft:cobblestone":184,"minecraft:stripped_oak_log":12,"minecraft:feather":6,"minecraft:andesite":2,"minecraft:leather":10,"minecraft:smoker":2,"minecraft:potato":8,"minecraft:flint":3,"minecraft:tuff":123,"minecraft:oak_log":37,"minecraft:yellow_bed":1,"minecraft:gunpowder":6,"minecraft:lapis_lazuli":4,"minecraft:dirt":14,"minecraft:bone":43,"minecraft:bow":5,"minecraft:raw_gold":8,"minecraft:grindstone":1,"minecraft:stone_pickaxe":3,"minecraft:iron_ingot":5,"minecraft:book":1,"minecraft:cooked_porkchop":42,"minecraft:gravel":2,"minecraft:amethyst_shard":4,"minecraft:mossy_cobblestone":32,"minecraft:diamond":13,"minecraft:gray_wool":1,"minecraft:oak_sapling":2,"minecraft:coal":62},"minecraft:broken":{"minecraft:iron_pickaxe":1},"minecraft:used":{"minecraft:enchanting_table":1,"minecraft:chest":4,"minecraft:shield":4,"minecraft:iron_sword":118,"minecraft:iron_chestplate":1,"minecraft:torch":148,"minecraft:dirt":2,"minecraft:tuff":4,"minecraft:lava_bucket":5,"minecraft:iron_axe":9,"minecraft:iron_boots":1,"minecraft:bow":28,"minecraft:beef":1,"minecraft:furnace":3,"minecraft:cooked_beef":1,"minecraft:cobbled_deepslate":100,"minecraft:iron_leggings":1,"minecraft:cooked_mutton":5,"minecraft:water_bucket":16,"minecraft:stone_pickaxe":80,"minecraft:wooden_pickaxe":5,"minecraft:cobblestone_slab":1,"minecraft:leather_boots":1,"minecraft:crafting_table":5,"minecraft:smoker":1,"minecraft:diamond_pickaxe":252,"minecraft:bread":3,"minecraft:iron_pickaxe":250,"minecraft:stone_axe":87,"minecraft:cobblestone":140,"minecraft:grindstone":2,"minecraft:cooked_porkchop":7,"minecraft:bucket":23,"minecraft:yellow_bed":1,"minecraft:gray_wool":1},"minecraft:crafted":{"minecraft:grindstone":1,"minecraft:oak_planks":76,"minecraft:cobblestone_slab":6,"minecraft:furnace":1,"minecraft:stone":3,"minecraft:cooked_mutton":5,"minecraft:bow":4,"minecraft:iron_boots":1,"minecraft:iron_axe":1,"minecraft:stone_pickaxe":1,"minecraft:chest":3,"minecraft:dark_oak_planks":16,"minecraft:cooked_beef":12,"minecraft:cooked_porkchop":49,"minecraft:crafting_table":3,"minecraft:enchanting_table":1,"minecraft:wooden_pickaxe":1,"minecraft:iron_helmet":1,"minecraft:iron_sword":1,"minecraft:golden_pickaxe":1,"minecraft:bucket":1,"minecraft:stone_axe":1,"minecraft:air":0,"minecraft:iron_chestplate":1,"minecraft:diamond_pickaxe":1,"minecraft:stick":76,"minecraft:stone_slab":6,"minecraft:iron_ingot":62,"minecraft:gold_ingot":8,"minecraft:iron_leggings":1,"minecraft:torch":164},"minecraft:mined":{"minecraft:tuff":29,"minecraft:mossy_cobblestone":18,"minecraft:deepslate_diamond_ore":13,"minecraft:brewing_stand":1,"minecraft:obsidian":4,"minecraft:grass_block":3,"minecraft:redstone_ore":5,"minecraft:furnace":2,"minecraft:iron_ore":40,"minecraft:cobbled_deepslate":10,"minecraft:andesite":2,"minecraft:deepslate_lapis_ore":1,"minecraft:deepslate_iron_ore":14,"minecraft:stripped_oak_log":12,"minecraft:stone":177,"minecraft:smoker":2,"minecraft:medium_amethyst_bud":1,"minecraft:amethyst_cluster":1,"minecraft:torch":1,"minecraft:crafting_table":3,"minecraft:short_grass":2,"minecraft:calcite":3,"minecraft:chest":2,"minecraft:tall_grass":1,"minecraft:copper_ore":2,"minecraft:cobblestone":30,"minecraft:deepslate_gold_ore":8,"minecraft:grindstone":1,"minecraft:wall_torch":9,"minecraft:amethyst_block":2,"minecraft:oak_log":37,"minecraft:coal_ore":52,"minecraft:gravel":4,"minecraft:dirt":5,"minecraft:deepslate":167}},"DataVersion":4080}