{"stats":{"minecraft:dropped":{"minecraft:dirt":12},"minecraft:custom":{"minecraft:time_since_rest":6000,"minecraft:crouch_one_cm":1787,"minecraft:play_time":6000,"minecraft:sprint_one_cm":12534,"minecraft:damage_taken":30,"minecraft:walk_one_cm":7523,"minecraft:sneak_time":1034,"minecraft:mob_kills":8,"minecraft:drop":2,"minecraft:jump":123,"minecraft:damage_dealt":620,"minecraft:walk_on_water_one_cm":1231,"minecraft:time_since_death":6000,"minecraft:total_world_time":6000,"minecraft:fall_one_cm":6063,"minecraft:interact_with_crafting_table":3,"minecraft:fly_one_cm":26892},"minecraft:killed":{"minecraft:chicken":3,"minecraft:cow":5},"minecraft:picked_up":{"minecraft:feather":3,"minecraft:chicken":3,"minecraft:leather":7,"minecraft:beef":13,"minecraft:oak_log":6,"minecraft:coal":16,"minecraft:cobblestone":32,"minecraft:dirt":14},"minecraft:used":{"minecraft:stone_axe":13,"minecraft:dirt":2,"minecraft:cobblestone":5,"minecraft:crafting_table":1,"minecraft:stone_pickaxe":79,"minecraft:wooden_pickaxe":5},"minecraft:crafted":{"minecraft:oak_planks":24,"minecraft:stone_axe":1,"minecraft:crafting_table":1,"minecraft:stick":8,"minecraft:wooden_pickaxe":1,"minecraft:stone_pickaxe":1},"minecraft:mined":{"minecraft:coal_ore":41,"minecraft:grass_block":3,"minecraft:oak_log":6,"minecraft:dirt":5,"minecraft:tall_grass":1,"minecraft:stone":43}},"DataVersion":4080}