{"stats":{"minecraft:killed":{"minecraft:sheep":4,"minecraft:chicken":4},"minecraft:mined":{"minecraft:short_grass":6,"minecraft:grass_block":2,"minecraft:oak_log":21,"minecraft:dirt":3,"minecraft:stone":16,"minecraft:sugar_cane":3,"minecraft:oak_planks":3,"minecraft:oak_leaves":5},"minecraft:used":{"minecraft:oak_planks":3,"minecraft:wooden_pickaxe":17,"minecraft:stone_axe":22,"minecraft:dirt":4,"minecraft:crafting_table":1},"minecraft:picked_up":{"minecraft:feather":1,"minecraft:chicken":4,"minecraft:oak_log":22,"minecraft:dirt":5,"minecraft:wheat_seeds":1,"minecraft:oak_sapling":1,"minecraft:sugar_cane":7,"minecraft:mutton":8,"minecraft:oak_planks":3,"minecraft:white_wool":4,"minecraft:cobblestone":16},"minecraft:crafted":{"minecraft:oak_planks":52,"minecraft:crafting_table":1,"minecraft:stick":8,"minecraft:wooden_pickaxe":1,"minecraft:stone_pickaxe":1,"minecraft:stone_axe":1},"minecraft:custom":{"minecraft:time_since_rest":5864,"minecraft:sprint_one_cm":16631,"minecraft:walk_one_cm":8180,"minecraft:mob_kills":8,"minecraft:drop":3,"minecraft:damage_dealt":480,"minecraft:swim_one_cm":837,"minecraft:interact_with_crafting_table":5,"minecraft:fly_one_cm":34722,"minecraft:crouch_one_cm":1207,"minecraft:play_time":5864,"minecraft:sneak_time":758,"minecraft:walk_under_water_one_cm":169,"minecraft:jump":143,"minecraft:time_since_death":5864,"minecraft:walk_on_water_one_cm":81,"minecraft:total_world_time":5864,"minecraft:fall_one_cm":4867},"minecraft:dropped":{"minecraft:wheat_seeds":1,"minecraft:oak_sapling":1,"minecraft:wooden_pickaxe":1}},"DataVersion":4080}