{"stats":{"minecraft:killed":{"minecraft:sheep":4,"minecraft:pig":1,"minecraft:chicken":4},"minecraft:used":{"minecraft:diorite":5,"minecraft:stone_pickaxe":91,"minecraft:oak_planks":3,"minecraft:wooden_pickaxe":17,"minecraft:torch":8,"minecraft:stone_axe":26,"minecraft:dirt":4,"minecraft:cobblestone":15,"minecraft:crafting_table":2,"minecraft:furnace":2,"minecraft:cooked_beef":2,"minecraft:cobbled_deepslate":6},"minecraft:mined":{"minecraft:tuff":1,"minecraft:iron_ore":11,"minecraft:andesite":11,"minecraft:torch":1,"minecraft:granite":3,"minecraft:short_grass":6,"minecraft:coal_ore":25,"minecraft:grass_block":2,"minecraft:oak_log":21,"minecraft:dirt":4,"minecraft:cobblestone":1,"minecraft:wall_torch":2,"minecraft:stone":48,"minecraft:sugar_cane":3,"minecraft:oak_planks":3,"minecraft:deepslate":6,"minecraft:oak_leaves":5},"minecraft:picked_up":{"minecraft:cooked_beef":10,"minecraft:raw_iron":11,"minecraft:feather":1,"minecraft:chicken":8,"minecraft:andesite":11,"minecraft:torch":3,"minecraft:porkchop":3,"minecraft:tuff":1,"minecraft:oak_log":22,"minecraft:diorite":5,"minecraft:dirt":6,"minecraft:wheat_seeds":1,"minecraft:cobbled_deepslate":6,"minecraft:granite":3,"minecraft:coal":25,"minecraft:oak_sapling":1,"minecraft:sugar_cane":7,"minecraft:mutton":9,"minecraft:oak_planks":3,"minecraft:white_wool":5,"minecraft:cobblestone":50},"minecraft:custom":{"minecraft:time_since_rest":15066,"minecraft:interact_with_furnace":13,"minecraft:sprint_one_cm":28060,"minecraft:damage_taken":32,"minecraft:walk_one_cm":43232,"minecraft:mob_kills":9,"minecraft:drop":8,"minecraft:damage_dealt":746,"minecraft:swim_one_cm":837,"minecraft:interact_with_crafting_table":13,"minecraft:fly_one_cm":40699,"minecraft:crouch_one_cm":3961,"minecraft:play_time":15066,"minecraft:sneak_time":1458,"minecraft:walk_under_water_one_cm":169,"minecraft:jump":319,"minecraft:leave_game":1,"minecraft:time_since_death":15066,"minecraft:walk_on_water_one_cm":81,"minecraft:total_world_time":15066,"minecraft:fall_one_cm":7377},"minecraft:crafted":{"minecraft:cooked_beef":1,"minecraft:oak_planks":88,"minecraft:shield":2,"minecraft:crafting_table":2,"minecraft:stick":12,"minecraft:iron_pickaxe":1,"minecraft:iron_ingot":5,"minecraft:wooden_pickaxe":1,"minecraft:stone_pickaxe":1,"minecraft:furnace":2,"minecraft:torch":8,"minecraft:stone_axe":1,"minecraft:air":0},"minecraft:dropped":{"minecraft:porkchop":3,"minecraft:shield":1,"minecraft:wheat_seeds":1,"minecraft:mutton":9,"minecraft:oak_sapling":1,"minecraft:chicken":8,"minecraft:wooden_pickaxe":1}},"DataVersion":4080}