{"stats":{"minecraft:dropped":{"minecraft:cooked_beef":3,"minecraft:dirt":12,"minecraft:potato":1,"minecraft:oak_sapling":2,"minecraft:stone_pickaxe":1},"minecraft:custom":{"minecraft:mob_kills":29,"minecraft:interact_with_crafting_table":12,"minecraft:time_since_death":18000,"minecraft:sleep_in_bed":1,"minecraft:climb_one_cm":753,"minecraft:time_since_rest":5149,"minecraft:sprint_one_cm":53493,"minecraft:walk_one_cm":35951,"minecraft:damage_taken":90,"minecraft:drop":6,"minecraft:damage_dealt":2696,"minecraft:swim_one_cm":7676,"minecraft:fly_one_cm":89048,"minecraft:open_chest":19,"minecraft:crouch_one_cm":3000,"minecraft:play_time":18000,"minecraft:sneak_time":1228,"minecraft:walk_under_water_one_cm":582,"minecraft:jump":382,"minecraft:walk_on_water_one_cm":2910,"minecraft:total_world_time":18000,"minecraft:interact_with_smoker":17,"minecraft:fall_one_cm":12653},"minecraft:killed":{"minecraft:pig":14,"minecraft:sheep":5,"minecraft:chicken":3,"minecraft:cow":7},"minecraft:picked_up":{"minecraft:stripped_oak_log":12,"minecraft:wheat":4,"minecraft:feather":6,"minecraft:chicken":14,"minecraft:leather":10,"minecraft:smoker":1,"minecraft:potato":8,"minecraft:oak_log":37,"minecraft:brewing_stand":1,"minecraft:yellow_bed":1,"minecraft:shield":1,"minecraft:dirt":14,"minecraft:string":1,"minecraft:beef":19,"minecraft:stone_pickaxe":3,"minecraft:iron_nugget":4,"minecraft:poppy":3,"minecraft:iron_pickaxe":1,"minecraft:light_gray_wool":2,"minecraft:chest":1,"minecraft:stick":6,"minecraft:cooked_porkchop":42,"minecraft:porkchop":53,"minecraft:gray_wool":1,"minecraft:oak_sapling":2,"minecraft:mutton":10,"minecraft:coal":23,"minecraft:white_wool":3,"minecraft:cobblestone":32},"minecraft:used":{"minecraft:stone_pickaxe":80,"minecraft:chest":2,"minecraft:wooden_pickaxe":5,"minecraft:leather_boots":1,"minecraft:dirt":2,"minecraft:crafting_table":2,"minecraft:bread":1,"minecraft:iron_pickaxe":1,"minecraft:stone_axe":86,"minecraft:cobblestone":15,"minecraft:beef":1,"minecraft:yellow_bed":1,"minecraft:cooked_beef":1,"minecraft:gray_wool":1},"minecraft:crafted":{"minecraft:cooked_beef":12,"minecraft:oak_planks":76,"minecraft:cooked_porkchop":49,"minecraft:crafting_table":2,"minecraft:wooden_pickaxe":1,"minecraft:stone_axe":1,"minecraft:air":0,"minecraft:bow":1,"minecraft:stick":12,"minecraft:stone_pickaxe":1,"minecraft:chest":1,"minecraft:dark_oak_planks":16},"minecraft:mined":{"minecraft:smoker":1,"minecraft:brewing_stand":1,"minecraft:short_grass":2,"minecraft:grass_block":3,"minecraft:chest":1,"minecraft:tall_grass":1,"minecraft:coal_ore":41,"minecraft:oak_log":37,"minecraft:dirt":5,"minecraft:stripped_oak_log":12,"minecraft:stone":43}},"DataVersion":4080}