{"stats":{"minecraft:dropped":{"minecraft:iron_ingot":5,"minecraft:stone_axe":1,"minecraft:cooked_beef":3,"minecraft:raw_copper":4,"minecraft:cooked_porkchop":13,"minecraft:dirt":12,"minecraft:potato":1,"minecraft:andesite":1,"minecraft:leather_boots":1,"minecraft:oak_sapling":2,"minecraft:wooden_pickaxe":1,"minecraft:stone_pickaxe":1},"minecraft:custom":{"minecraft:interact_with_furnace":23,"minecraft:mob_kills":29,"minecraft:interact_with_crafting_table":21,"minecraft:time_since_death":30000,"minecraft:sleep_in_bed":1,"minecraft:climb_one_cm":753,"minecraft:time_since_rest":17149,"minecraft:sprint_one_cm":75979,"minecraft:walk_one_cm":65366,"minecraft:damage_taken":90,"minecraft:drop":13,"minecraft:damage_dealt":2792,"minecraft:swim_one_cm":7676,"minecraft:fly_one_cm":111763,"minecraft:open_chest":19,"minecraft:crouch_one_cm":4962,"minecraft:play_time":30000,"minecraft:sneak_time":2153,"minecraft:walk_under_water_one_cm":1510,"minecraft:jump":636,"minecraft:walk_on_water_one_cm":7076,"minecraft:total_world_time":30000,"minecraft:interact_with_smoker":24,"minecraft:fall_one_cm":16203},"minecraft:killed":{"minecraft:pig":14,"minecraft:sheep":5,"minecraft:chicken":3,"minecraft:cow":7},"minecraft:picked_up":{"minecraft:stripped_oak_log":12,"minecraft:wheat":4,"minecraft:feather":6,"minecraft:chicken":14,"minecraft:andesite":1,"minecraft:leather":10,"minecraft:smoker":1,"minecraft:potato":8,"minecraft:oak_log":37,"minecraft:brewing_stand":1,"minecraft:yellow_bed":1,"minecraft:shield":1,"minecraft:dirt":14,"minecraft:string":1,"minecraft:raw_copper":4,"minecraft:iron_ingot":5,"minecraft:beef":19,"minecraft:stone_pickaxe":3,"minecraft:iron_nugget":4,"minecraft:poppy":3,"minecraft:iron_pickaxe":1,"minecraft:light_gray_wool":2,"minecraft:chest":1,"minecraft:furnace":1,"minecraft:stick":6,"minecraft:raw_iron":40,"minecraft:cooked_porkchop":42,"minecraft:porkchop":53,"minecraft:gray_wool":1,"minecraft:oak_sapling":2,"minecraft:mutton":10,"minecraft:coal":38,"minecraft:white_wool":3,"minecraft:cobblestone":135},"minecraft:used":{"minecraft:stone_pickaxe":80,"minecraft:chest":2,"minecraft:wooden_pickaxe":5,"minecraft:leather_boots":1,"minecraft:iron_chestplate":1,"minecraft:torch":14,"minecraft:dirt":2,"minecraft:crafting_table":3,"minecraft:smoker":1,"minecraft:iron_axe":1,"minecraft:bread":3,"minecraft:iron_pickaxe":168,"minecraft:iron_boots":1,"minecraft:stone_axe":87,"minecraft:cobblestone":24,"minecraft:beef":1,"minecraft:furnace":1,"minecraft:yellow_bed":1,"minecraft:cooked_beef":1,"minecraft:gray_wool":1,"minecraft:iron_leggings":1},"minecraft:crafted":{"minecraft:cooked_beef":12,"minecraft:oak_planks":76,"minecraft:cooked_porkchop":49,"minecraft:crafting_table":3,"minecraft:wooden_pickaxe":1,"minecraft:iron_helmet":1,"minecraft:iron_sword":1,"minecraft:furnace":1,"minecraft:stone_axe":1,"minecraft:cooked_mutton":5,"minecraft:air":0,"minecraft:bow":1,"minecraft:iron_boots":1,"minecraft:iron_chestplate":1,"minecraft:iron_axe":1,"minecraft:stick":48,"minecraft:iron_ingot":32,"minecraft:stone_pickaxe":1,"minecraft:chest":1,"minecraft:iron_leggings":1,"minecraft:dark_oak_planks":16,"minecraft:torch":52},"minecraft:mined":{"minecraft:smoker":1,"minecraft:brewing_stand":1,"minecraft:crafting_table":1,"minecraft:short_grass":2,"minecraft:grass_block":3,"minecraft:chest":1,"minecraft:copper_ore":2,"minecraft:tall_grass":1,"minecraft:furnace":1,"minecraft:iron_ore":39,"minecraft:andesite":1,"minecraft:coal_ore":52,"minecraft:oak_log":37,"minecraft:deepslate_iron_ore":1,"minecraft:dirt":5,"minecraft:stripped_oak_log":12,"minecraft:stone":154}},"DataVersion":4080}