{"stats":{"minecraft:dropped":{"minecraft:iron_ingot":5,"minecraft:cooked_beef":3,"minecraft:mossy_cobblestone":16,"minecraft:cooked_porkchop":13,"minecraft:cobblestone":4,"minecraft:dirt":12,"minecraft:gravel":1,"minecraft:stone_axe":1,"minecraft:raw_copper":4,"minecraft:tuff":29,"minecraft:rotten_flesh":6,"minecraft:potato":1,"minecraft:andesite":1,"minecraft:leather_boots":1,"minecraft:oak_sapling":2,"minecraft:wooden_pickaxe":1,"minecraft:stone_pickaxe":1},"minecraft:custom":{"minecraft:mob_kills":69,"minecraft:interact_with_crafting_table":27,"minecraft:leave_game":1,"minecraft:time_since_death":65873,"minecraft:climb_one_cm":753,"minecraft:sprint_one_cm":162995,"minecraft:walk_one_cm":167577,"minecraft:damage_blocked_by_shield":240,"minecraft:drop":19,"minecraft:play_time":65873,"minecraft:sneak_time":4013,"minecraft:walk_under_water_one_cm":1630,"minecraft:jump":1465,"minecraft:walk_on_water_one_cm":12606,"minecraft:total_world_time":65873,"minecraft:interact_with_furnace":24,"minecraft:sleep_in_bed":1,"minecraft:time_since_rest":53022,"minecraft:damage_taken":836,"minecraft:damage_dealt":7854,"minecraft:swim_one_cm":7676,"minecraft:fly_one_cm":193092,"minecraft:open_chest":23,"minecraft:crouch_one_cm":10428,"minecraft:interact_with_smoker":28,"minecraft:fall_one_cm":34520},"minecraft:killed":{"minecraft:spider":1,"minecraft:skeleton":27,"minecraft:chicken":3,"minecraft:pig":14,"minecraft:creeper":5,"minecraft:sheep":5,"minecraft:zombie":6,"minecraft:cow":7},"minecraft:picked_up":{"minecraft:crafting_table":3,"minecraft:wheat":7,"minecraft:chicken":14,"minecraft:brewing_stand":1,"minecraft:shield":1,"minecraft:amethyst_block":2,"minecraft:string":1,"minecraft:raw_copper":4,"minecraft:cobbled_deepslate":164,"minecraft:beef":19,"minecraft:calcite":3,"minecraft:iron_nugget":4,"minecraft:poppy":3,"minecraft:iron_pickaxe":1,"minecraft:light_gray_wool":2,"minecraft:chest":1,"minecraft:furnace":2,"minecraft:stick":6,"minecraft:raw_iron":54,"minecraft:torch":8,"minecraft:porkchop":53,"minecraft:arrow":32,"minecraft:rotten_flesh":12,"minecraft:saddle":1,"minecraft:mutton":10,"minecraft:obsidian":5,"minecraft:white_wool":6,"minecraft:cobblestone":161,"minecraft:stripped_oak_log":12,"minecraft:feather":6,"minecraft:andesite":1,"minecraft:leather":10,"minecraft:smoker":2,"minecraft:potato":8,"minecraft:flint":3,"minecraft:tuff":119,"minecraft:oak_log":37,"minecraft:yellow_bed":1,"minecraft:gunpowder":6,"minecraft:dirt":14,"minecraft:bone":24,"minecraft:bow":4,"minecraft:raw_gold":7,"minecraft:stone_pickaxe":3,"minecraft:iron_ingot":5,"minecraft:book":1,"minecraft:cooked_porkchop":42,"minecraft:gravel":2,"minecraft:amethyst_shard":4,"minecraft:mossy_cobblestone":32,"minecraft:diamond":7,"minecraft:gray_wool":1,"minecraft:oak_sapling":2,"minecraft:coal":62},"minecraft:broken":{"minecraft:iron_pickaxe":1},"minecraft:used":{"minecraft:chest":4,"minecraft:shield":4,"minecraft:iron_sword":93,"minecraft:iron_chestplate":1,"minecraft:torch":133,"minecraft:dirt":2,"minecraft:lava_bucket":5,"minecraft:iron_axe":9,"minecraft:iron_boots":1,"minecraft:bow":19,"minecraft:beef":1,"minecraft:furnace":1,"minecraft:cooked_beef":1,"minecraft:cobbled_deepslate":42,"minecraft:iron_leggings":1,"minecraft:cooked_mutton":5,"minecraft:water_bucket":16,"minecraft:stone_pickaxe":80,"minecraft:wooden_pickaxe":5,"minecraft:cobblestone_slab":1,"minecraft:leather_boots":1,"minecraft:crafting_table":5,"minecraft:smoker":1,"minecraft:diamond_pickaxe":188,"minecraft:bread":3,"minecraft:iron_pickaxe":250,"minecraft:stone_axe":87,"minecraft:cobblestone":140,"minecraft:cooked_porkchop":5,"minecraft:bucket":21,"minecraft:yellow_bed":1,"minecraft:gray_wool":1},"minecraft:crafted":{"minecraft:oak_planks":76,"minecraft:cobblestone_slab":6,"minecraft:furnace":1,"minecraft:cooked_mutton":5,"minecraft:bow":1,"minecraft:iron_boots":1,"minecraft:iron_axe":1,"minecraft:stone_pickaxe":1,"minecraft:chest":3,"minecraft:dark_oak_planks":16,"minecraft:cooked_beef":12,"minecraft:cooked_porkchop":49,"minecraft:crafting_table":3,"minecraft:wooden_pickaxe":1,"minecraft:iron_helmet":1,"minecraft:iron_sword":1,"minecraft:bucket":1,"minecraft:stone_axe":1,"minecraft:air":0,"minecraft:iron_chestplate":1,"minecraft:diamond_pickaxe":1,"minecraft:stick":76,"minecraft:iron_ingot":32,"minecraft:iron_leggings":1,"minecraft:torch":164},"minecraft:mined":{"minecraft:tuff":25,"minecraft:mossy_cobblestone":18,"minecraft:deepslate_diamond_ore":7,"minecraft:brewing_stand":1,"minecraft:obsidian":4,"minecraft:grass_block":3,"minecraft:furnace":2,"minecraft:iron_ore":40,"minecraft:cobbled_deepslate":6,"minecraft:andesite":1,"minecraft:deepslate_iron_ore":14,"minecraft:stripped_oak_log":12,"minecraft:stone":154,"minecraft:smoker":2,"minecraft:medium_amethyst_bud":1,"minecraft:amethyst_cluster":1,"minecraft:torch":1,"minecraft:crafting_table":3,"minecraft:short_grass":2,"minecraft:calcite":3,"minecraft:chest":2,"minecraft:tall_grass":1,"minecraft:copper_ore":2,"minecraft:cobblestone":30,"minecraft:deepslate_gold_ore":7,"minecraft:wall_torch":9,"minecraft:amethyst_block":2,"minecraft:oak_log":37,"minecraft:coal_ore":52,"minecraft:gravel":4,"minecraft:dirt":5,"minecraft:deepslate":149}},"DataVersion":4080}