{"stats":{"minecraft:dropped":{"minecraft:iron_ingot":5,"minecraft:stone_axe":1,"minecraft:cooked_beef":3,"minecraft:raw_copper":4,"minecraft:cooked_porkchop":13,"minecraft:dirt":12,"minecraft:potato":1,"minecraft:andesite":1,"minecraft:leather_boots":1,"minecraft:oak_sapling":2,"minecraft:wooden_pickaxe":1,"minecraft:stone_pickaxe":1},"minecraft:custom":{"minecraft:interact_with_furnace":24,"minecraft:mob_kills":39,"minecraft:interact_with_crafting_table":22,"minecraft:time_since_death":42000,"minecraft:sleep_in_bed":1,"minecraft:climb_one_cm":753,"minecraft:time_since_rest":29149,"minecraft:sprint_one_cm":116037,"minecraft:walk_one_cm":98135,"minecraft:damage_taken":587,"minecraft:damage_blocked_by_shield":240,"minecraft:drop":13,"minecraft:damage_dealt":4542,"minecraft:swim_one_cm":7676,"minecraft:fly_one_cm":162344,"minecraft:open_chest":19,"minecraft:crouch_one_cm":5994,"minecraft:play_time":42000,"minecraft:sneak_time":2550,"minecraft:walk_under_water_one_cm":1510,"minecraft:jump":1035,"minecraft:walk_on_water_one_cm":7895,"minecraft:total_world_time":42000,"minecraft:interact_with_smoker":28,"minecraft:fall_one_cm":27766},"minecraft:killed":{"minecraft:pig":14,"minecraft:creeper":2,"minecraft:skeleton":2,"minecraft:sheep":5,"minecraft:zombie":6,"minecraft:chicken":3,"minecraft:cow":7},"minecraft:picked_up":{"minecraft:stripped_oak_log":12,"minecraft:crafting_table":2,"minecraft:wheat":4,"minecraft:feather":6,"minecraft:chicken":14,"minecraft:andesite":1,"minecraft:leather":10,"minecraft:smoker":2,"minecraft:potato":8,"minecraft:gunpowder":1,"minecraft:oak_log":37,"minecraft:brewing_stand":1,"minecraft:yellow_bed":1,"minecraft:shield":1,"minecraft:dirt":14,"minecraft:string":1,"minecraft:raw_copper":4,"minecraft:bone":5,"minecraft:cobbled_deepslate":13,"minecraft:raw_gold":4,"minecraft:iron_ingot":5,"minecraft:beef":19,"minecraft:stone_pickaxe":3,"minecraft:iron_nugget":4,"minecraft:poppy":3,"minecraft:iron_pickaxe":1,"minecraft:light_gray_wool":2,"minecraft:chest":1,"minecraft:furnace":2,"minecraft:stick":6,"minecraft:raw_iron":54,"minecraft:cooked_porkchop":42,"minecraft:porkchop":53,"minecraft:arrow":3,"minecraft:rotten_flesh":5,"minecraft:diamond":7,"minecraft:gray_wool":1,"minecraft:oak_sapling":2,"minecraft:mutton":10,"minecraft:coal":62,"minecraft:white_wool":3,"minecraft:cobblestone":136},"minecraft:used":{"minecraft:cooked_mutton":5,"minecraft:water_bucket":1,"minecraft:stone_pickaxe":80,"minecraft:shield":4,"minecraft:chest":2,"minecraft:wooden_pickaxe":5,"minecraft:iron_sword":28,"minecraft:leather_boots":1,"minecraft:iron_chestplate":1,"minecraft:torch":72,"minecraft:dirt":2,"minecraft:crafting_table":4,"minecraft:smoker":1,"minecraft:iron_axe":4,"minecraft:bread":3,"minecraft:iron_pickaxe":208,"minecraft:iron_boots":1,"minecraft:stone_axe":87,"minecraft:cobblestone":48,"minecraft:bow":9,"minecraft:beef":1,"minecraft:furnace":1,"minecraft:cooked_porkchop":1,"minecraft:bucket":2,"minecraft:yellow_bed":1,"minecraft:cooked_beef":1,"minecraft:gray_wool":1,"minecraft:iron_leggings":1},"minecraft:crafted":{"minecraft:cooked_beef":12,"minecraft:oak_planks":76,"minecraft:cooked_porkchop":49,"minecraft:crafting_table":3,"minecraft:wooden_pickaxe":1,"minecraft:iron_helmet":1,"minecraft:iron_sword":1,"minecraft:furnace":1,"minecraft:bucket":1,"minecraft:stone_axe":1,"minecraft:cooked_mutton":5,"minecraft:air":0,"minecraft:bow":1,"minecraft:iron_boots":1,"minecraft:iron_chestplate":1,"minecraft:iron_axe":1,"minecraft:stick":76,"minecraft:iron_ingot":32,"minecraft:stone_pickaxe":1,"minecraft:chest":1,"minecraft:iron_leggings":1,"minecraft:dark_oak_planks":16,"minecraft:torch":100},"minecraft:mined":{"minecraft:deepslate_diamond_ore":7,"minecraft:smoker":2,"minecraft:brewing_stand":1,"minecraft:crafting_table":2,"minecraft:short_grass":2,"minecraft:grass_block":3,"minecraft:chest":1,"minecraft:copper_ore":2,"minecraft:tall_grass":1,"minecraft:deepslate_gold_ore":4,"minecraft:furnace":2,"minecraft:iron_ore":40,"minecraft:andesite":1,"minecraft:coal_ore":52,"minecraft:oak_log":37,"minecraft:deepslate_iron_ore":14,"minecraft:dirt":5,"minecraft:stripped_oak_log":12,"minecraft:stone":154,"minecraft:deepslate":13}},"DataVersion":4080}