{"stats":{"minecraft:dropped":{"minecraft:stone_axe":1,"minecraft:sugar_cane":5,"minecraft:wheat_seeds":2,"minecraft:feather":3,"minecraft:cobblestone":3,"minecraft:leather":5,"minecraft:apple":2,"minecraft:sunflower":1,"minecraft:stone_pickaxe":1,"minecraft:wooden_pickaxe":1,"minecraft:white_wool":1},"minecraft:custom":{"minecraft:interact_with_furnace":42,"minecraft:mob_kills":9,"minecraft:interact_with_crafting_table":11,"minecraft:time_since_death":23962,"minecraft:sleep_in_bed":1,"minecraft:time_since_rest":11739,"minecraft:sprint_one_cm":85869,"minecraft:damage_taken":335,"minecraft:walk_one_cm":54021,"minecraft:damage_blocked_by_shield":300,"minecraft:drop":15,"minecraft:damage_dealt":941,"minecraft:swim_one_cm":2527,"minecraft:fly_one_cm":87827,"minecraft:crouch_one_cm":1688,"minecraft:play_time":23962,"minecraft:sneak_time":738,"minecraft:walk_under_water_one_cm":486,"minecraft:jump":432,"minecraft:walk_on_water_one_cm":1546,"minecraft:total_world_time":23962,"minecraft:fall_one_cm":11465},"minecraft:crafted":{"minecraft:cooked_beef":8,"minecraft:oak_planks":24,"minecraft:crafting_table":2,"minecraft:wooden_pickaxe":1,"minecraft:furnace":2,"minecraft:stone_axe":1,"minecraft:air":0,"minecraft:iron_chestplate":1,"minecraft:charcoal":11,"minecraft:shield":1,"minecraft:iron_axe":1,"minecraft:stick":8,"minecraft:iron_ingot":18,"minecraft:iron_pickaxe":1,"minecraft:stone_pickaxe":1,"minecraft:white_bed":1,"minecraft:torch":40},"minecraft:picked_up":{"minecraft:birch_log":14,"minecraft:crafting_table":1,"minecraft:feather":3,"minecraft:chicken":1,"minecraft:leather":5,"minecraft:oak_log":50,"minecraft:dirt":9,"minecraft:cooked_mutton":10,"minecraft:bone":2,"minecraft:apple":3,"minecraft:wheat_seeds":2,"minecraft:beef":8,"minecraft:sugar_cane":5,"minecraft:birch_sapling":1,"minecraft:furnace":3,"minecraft:stick":16,"minecraft:raw_iron":20,"minecraft:white_bed":1,"minecraft:oak_sapling":34,"minecraft:mutton":5,"minecraft:coal":27,"minecraft:white_wool":4,"minecraft:cobblestone":62,"minecraft:sunflower":1},"minecraft:killed":{"minecraft:sheep":4,"minecraft:chicken":1,"minecraft:cow":4},"minecraft:used":{"minecraft:cooked_mutton":1,"minecraft:stone_pickaxe":74,"minecraft:wooden_pickaxe":6,"minecraft:shield":5,"minecraft:torch":18,"minecraft:dirt":9,"minecraft:crafting_table":2,"minecraft:white_bed":1,"minecraft:apple":1,"minecraft:birch_sapling":1,"minecraft:iron_pickaxe":27,"minecraft:stone_axe":74,"minecraft:furnace":5,"minecraft:oak_sapling":9,"minecraft:cooked_beef":4},"minecraft:mined":{"minecraft:white_bed":1,"minecraft:crafting_table":1,"minecraft:short_grass":35,"minecraft:grass_block":2,"minecraft:tall_grass":11,"minecraft:sugar_cane":2,"minecraft:furnace":3,"minecraft:birch_log":14,"minecraft:iron_ore":19,"minecraft:oak_log":49,"minecraft:coal_ore":23,"minecraft:sunflower":1,"minecraft:dirt":7,"minecraft:stone":61}},"DataVersion":3955}