{"stats":{"minecraft:dropped":{"minecraft:feather":3,"minecraft:cobblestone":3,"minecraft:sunflower":1},"minecraft:custom":{"minecraft:time_since_rest":11962,"minecraft:interact_with_furnace":4,"minecraft:sprint_one_cm":53948,"minecraft:walk_one_cm":31556,"minecraft:mob_kills":9,"minecraft:drop":7,"minecraft:damage_dealt":770,"minecraft:interact_with_crafting_table":6,"minecraft:swim_one_cm":1857,"minecraft:fly_one_cm":55776,"minecraft:crouch_one_cm":238,"minecraft:play_time":11962,"minecraft:sneak_time":63,"minecraft:walk_under_water_one_cm":188,"minecraft:jump":252,"minecraft:walk_on_water_one_cm":1109,"minecraft:time_since_death":11962,"minecraft:total_world_time":11962,"minecraft:fall_one_cm":6388},"minecraft:crafted":{"minecraft:cooked_beef":3,"minecraft:oak_planks":24,"minecraft:crafting_table":1,"minecraft:stick":8,"minecraft:wooden_pickaxe":1,"minecraft:stone_pickaxe":1,"minecraft:furnace":2,"minecraft:white_bed":1,"minecraft:stone_axe":1,"minecraft:air":0},"minecraft:picked_up":{"minecraft:birch_log":14,"minecraft:stick":16,"minecraft:feather":3,"minecraft:chicken":1,"minecraft:leather":5,"minecraft:oak_log":50,"minecraft:dirt":9,"minecraft:apple":3,"minecraft:wheat_seeds":2,"minecraft:beef":8,"minecraft:oak_sapling":22,"minecraft:sugar_cane":5,"minecraft:mutton":5,"minecraft:white_wool":4,"minecraft:cobblestone":56,"minecraft:sunflower":1},"minecraft:killed":{"minecraft:sheep":4,"minecraft:chicken":1,"minecraft:cow":4},"minecraft:used":{"minecraft:apple":1,"minecraft:stone_pickaxe":49,"minecraft:wooden_pickaxe":6,"minecraft:stone_axe":71,"minecraft:crafting_table":1,"minecraft:furnace":2,"minecraft:white_bed":1},"minecraft:mined":{"minecraft:birch_log":14,"minecraft:short_grass":35,"minecraft:grass_block":2,"minecraft:oak_log":49,"minecraft:sunflower":1,"minecraft:dirt":7,"minecraft:tall_grass":11,"minecraft:stone":55,"minecraft:sugar_cane":2}},"DataVersion":3955}